case_readable,case_url
"55F with HIV+, CD430, and HbA1c 8.5% presents with a palpable mass in her R breast.",None
"34F with GERD, OA, and PTSD p/w 1 mo hx diffuse breast pain.",None
"67M with HTN, T2DM, and COPD p/w 2 wk hx breast tenderness and swelling.",None
"27F with Acne, PCOS, and MDD p/w 4 mo hx breast tenderness and redness.",None
43F with Fibromyalgia and Migraine presents with a palpable mass in her L breast.,None
72F with Osteoporosis and Hypertension p/w 1 mo hx non-specific breast pain.,None
"45M with Depression, Anxiety, and Tinea Cruris p/w 2 wk hx bilateral breast swelling.",None
25F with Psoriasis and Allergies p/w 4 mo hx breast redness and scaling.,None
"51F with UC, IBD, and Hyperlipidemia p/w 1 mo hx breast pain and nipple discharge.",None
"38F with hypothyroidism, gastroparesis, and irritable bowel syndrome (IBS) p/w 2 wk hx breast swelling and warmth.",None
"58M with Heart Failure, Peripheral Vascular Disease, and Hypertension p/w 1 mo hx unilateral breast swelling.",None
29F with Crohn's Disease and Ulcerative Colitis p/w 4 mo hx breast pain and nipple discharge.,None
41F with Multiple Sclerosis and Rheumatoid Arthritis p/w 2 wk hx breast numbness and tingling.,None
"57F with Graves' Disease, Hyperthyroidism, and Asthma p/w 1 mo hx bilateral breast swelling and redness.",None
47M with Chronic Fatigue Syndrome and Fibromyalgia p/w 4 mo hx breast pain and tenderness.,None
36F with Lupus and Hashimoto's Thyroiditis p/w 2 wk hx breast swelling and bruising.,None
"58F with HFrEF, NSTEMI, and RVH presents with exertional fatigue, swelling of legs and feet.",None
"62YO male with HHypertension and LVH complains of dizziness, nausea, and pale skin.",None
"49M with HTN, IDDM, and HLD has shortness of breath, chest pain radiating to left arm after exercise.",None
"73F with HFrEF, CHF, and atrial fibrillation reports worsening fatigue and weakness over past month.",None
"43F with Hypertrophic cardiomyopathy experiences chest pain, shortness of breath, and lightheadedness after trivial exertion.",None
"35M with Mitral valve prolapse reports dyspnea on exertion, paroxysmal nocturnal dyspnea, and a peppery taste in mouth.",None
"47F with HFpEF reports lightheadedness, palpitations, and edema of lower extremities.",None
"65M with coronary artery disease describes recent-onset angina with exertion, which he described as mild discomfort that radiates to the arm and jaw.",None
52F with Pericarditis complains of retrosternal pain that worsens with inspiration and is relieved by rest.,None
44M with Heart failure and atrial fibrillation presents with sudden onset of severe headache and vision changes.,None
"55F with Chronic coronary syndrome describes difficulty concentrating, dyspnea at rest, and recent-onset fatigue.",None
"75M with HFrEF reports worsening dyspnea on exertion, chest pain, and palpitations after recent cardiac arrest.",None
48F with Hypertensive heart disease and history of MI describes sudden onset of neck vein distension and coughing up pink frothy sputum.,None
"67F with LVH and heart failure presents with recent-onset paroxysmal nocturnal dyspnea, palpitations, and non-productive cough.",None
"50M with Hypertrophic cardiomyopathy and arrhythmia complains of lightheadedness, chest discomfort, and fatigue after minimal exertion.",None
"37F with Congestive heart failure and history of Pulmonary embolism reports worsening dyspnea, orthopnea, and pedal edema with sudden onset.",None
"42YF postpartum hx recent abdominal surgery, PND 3 nausea and vomiting.",None
"58YM hx of dyspepsia for the past 5 yrs, worsening epigastric pain with meals, NSAID-induced.",None
"73YF HbA1c 6.5%, Hct 40%, HTN, T2DM, and polyp in colonoscopy.",None
"45YF nausea and vomiting after meals, 4wk hx of abdominal pain, H. pylori test +ve.",None
25YF hx of diarrhea for 3mos worsening blood in stools.,None
"37YM persistent abdominal pain 3wk hx, no relief from pain meds, possible appendicitis.",None
"47YF malaise, anorexia, weight loss, nausea and vomiting 1mo hx, ANA +ve.",None
"60YM persistent vomiting, 1mo hx of abdominal pain, CT scan shows proximal small bowel obstruction.",None
"35YF worsening epigastric pain at MEALS, positive fecal occult blood test, H. pylori test +ve.",None
"50YM recent travel to SE Asia, nausea, vomiting, diarrhea, fever, chills, and night sweats.",None
"43YF 3wk hx of melena, anemia, and fatigue, possible gastric adenocarcinoma.",None
"65YM dyspepsia w/epigastric pain, nausea, & vomiting, possible gastritis.",None
"28YF abdominal pain w/ tympanism and guarding, possible cholecystitis.",None
"55YM hx of intermittent abdominal pain, bloating, & passage of Steatorrhea, possible Crohn's disease.",None
"41YF abdominal pain w/ loss of appetite and weight loss, possible peptic ulcer disease.",None
"70YF nausea, vomiting, and abdominal pain after ingestion of alcohol, possible alcoholic hepatitis.",None
"45yoW with Hx of PCOS, d/c 6wks ago from Depo Lupron, now symptomatic with hot flashes, night sweats, & vaginal dryness.",None
"28yoF with PID & recent hx of cervical dysplasia, experiencing heavy & painful periods with clots.",None
"43yoF with Hx of endometriosis, recent hx of laparoscopic ablation, now symptomatic with persistent pelvic pain & painful intercourse.",None
"32yoW with Hx of recurrent UTIs, recent hx of bilateral tubal ligation, now experiencing abnormal bleeding post-op.",None
"41yoM with Hx of testicular cancer, currently experiencing testicular atrophy & low libido.",None
"24yoF with Hx of recurrent ovarian cysts, now experiencing persistent lower abdominal pain & nausea.",None
"49yoW with Hx of hyperemesis gravidarum, currently experiencing severe nausea & vomiting post-partum.",None
"47yoM with Hx of benign prostatic hyperplasia, currently experiencing urinary retention & frequent urination.",None
"38yoF with Hx of vulvodynia, experiencing chronic pain & itching of the external genitalia.",None
"27yoW with Hx of cervical cancer, currently undergoing chemotherapy & experiencing neurological toxicities.",None
"40yoM with Hx of prostate cancer, currently experiencing decreased libido & erectile dysfunction.",None
"46yoF with Hx of ovarian cyst & recent hx of miscarriage, experiencing abdominal pain & vaginal bleeding.",None
"35yoW with Hx of premature ovarian failure, currently experiencing menopausal symptoms & bone loss.",None
"42yoM with Hx of testicular torsion, currently experiencing scrotal swelling & pain.",None
"30yoF with Hx of endometrial cancer, currently experiencing vaginal bleeding & abdominal pain.",None
"52yoM with Hx of gynecologic history of Asherman's syndrome, currently experiencing infertility & chronic pelvic pain.",None
"42F w/PSA 500, history of recent MVA w/chest and abdominal pain.",None
"61Y/O w/R/O neck and back pain for 2 months, denies any recent trauma.",None
"38Y/O w/hip pain on left side, denies any recent injury or trauma.",None
"45Y/O w/ bilateral knee pain, denies any recent injury or trauma.",None
"25Y/O w/WBC 15K, LLL, R/O recent infection.",None
65Y/O w/gradual onset of bilateral leg swelling for the past month.,None
"47Y/O w/history of CVA, recent onset of wrist pain.",None
34Y/O w/L/O low back pain after lifting heavy objects at work.,None
40Y/O w/R/O sudden onset of right-sided chest pain.,None
"52Y/O w/history of rheumatoid arthritis, currently experiencing joint pain and stiffness.",None
"48Y/O w/history of degenerative disc disease, recent onset of lower back pain.",None
"75Y/O w/gradual onset of wrist pain, denies any recent trauma.",None
"36Y/O w/history of fibromyalgia, recent onset of shoulder pain.",None
27Y/O w/R/O sudden onset of right-sided shoulder pain.,None
"43Y/O w/history of avascular necrosis, currently experiencing pain in right hip.",None
"55Y/O w/history of bursitis, recent onset of left knee pain.",None
"55F with Hx of 30 yr history of RSD and chronic pain, worsening bilateral hand numbness.",None
"8M with recent onset of vertigo, 2mo h/a of nausea, and difficulty walking without assistance.",None
"61F with one-yr hx of progressive decline in cognitive function and memory loss, including confusion and disorientation.",None
"27F with acute onset of sudden weakness of L side of face, arm, and leg, with slurred speech.",None
"68F with recent onset of sudden bilateral hearing loss, tinnitus, and dizziness.",None
46M with hx of sudden recurrent episodes of brief loss of consciousness for unknown reason.,None
32F with 1yr h/a of left upper extremity weakness and drop foot with progressive atrophy.,None
"71F with recent onset of urinary incontinence, with frequent nocturnal enuresis.",None
"43M with recurrent episodes of sudden confusion, disorientation, and hallucinations over past month.",None
"24F with 2mo h/a of headaches, nausea, and vision changes, including blurred vision and flashes.",None
"53F with Hx of 10 yr h/a of chronic neck pain, radiculopathy, and recent onset of bilateral shoulder weakness.",None
"64F with recent onset of gait disturbances and falls, including weakness of both lower extremities.",None
"42M with Hx of migraines with neurological symptoms including slurred speech, ataxia, and right-sided weakness.",None
"35F with one-yr h/a of intermittent seizures, recent onset of cognitive decline and memory loss.",None
"58F with recent onset of dysphagia, with difficulty swallowing solids and liquids, and choking episodes.",None
"40M with recent onset of bilateral foot drop, with weakness of the muscles in the lower legs.",None
"4 yo girl w/ recurrent otitis media, cough and fever; has recently started daycare.",None
7yo boy w/ Hbby limp and complaints of knee pain after sports.,None
9yo girl w/ intermittent abdominal pain and recent weight loss.,None
11yo boy w/ history of persistent left sided pleuritic chest pain and cough.,None
1yo boy w/ recurrent respiratory infections and fever; recently started on inhaled steroids.,None
2yo girl w/ history of multiple seizures and developmental delays.,None
5yo boy w/ complaints of joint pain and swelling after minor fall.,None
8yo girl w/ history of chronic ear infections and hearing loss.,None
10yo boy w/ recurrent gastrointestinal complaints and abdominal pain.,None
13yo girl w/ history of allergic rhinitis and seasonal asthma exacerbations.,None
14yo boy w/ complaints of persistent right lower quadrant abdominal pain and vomiting.,None
15yo girl w/ history of irregular menstrual cycles and persistent fatigue.,None
16yo boy w/ history of de novo thalassemia major diagnosis and recent splenectomy.,None
17yo girl w/ recent onset of migraines and photophobia.,None
18yo boy w/ history of recurrent sinovenous thrombosis and recent admission for SSI.,None
19yo girl w/ recent diagnosis of ovarian cyst and persistent pelvic pain.,None
"37F Gulf War Veteran with TBI, PTSD, DBA, and chronic pain w/ headaches, nausea, and insomnia.",None
"27M motor vehicle collision with severe TBI, pneumothorax, & closed head injury, complains of memory loss, disorientation, and blurred vision.",None
"55F domestic violence victim with complex facial fractures, lung contusion, and rib fractures, experiences worsening chest pain and difficulty breathing.",None
"43M construction worker with blunt force TBI, skull fracture, & C1-C2 subluxation, presents with headaches, dizziness, & slurred speech.",None
"68F elderly patient with poly-substance abuse history, fall injury, and TBI, exhibits delirium, somnolence, and decreased cognition.",None
"35F military service member with TBI, anxiety, & PTSD, experiences difficulty concentrating, irritability, & nightmares.",None
"52M farmer with motor vehicle collision injury, TBI, & closed head injury, reports worsening neck pain & limited ROM.",None
"49F pregnant woman with complex TBI, complications include preterm labor, gestational hypertension, & intrauterine growth restriction.",None
"33F assault victim with closed head injury, skull fracture, & brain contusion, experiences worsening depression & insomnia.",None
"29M college student with sports-related concussion & mTBI, exhibits persistent dizziness, headaches, & cognitive difficulties.",None
"65F retired nurse with TBI, cognitive impairment, & HTN, experiences difficulty with concentration & memory.",None
"34F nurse with motor vehicle collision injury, TBI, & closed head injury, reports worsening insomnia, anxiety, & depression.",None
"22M male with mTBI, complains of headaches, dizziness, & difficulty with concentration.",None
"58F grandmother with fall injury, TBI, & CVA, presents with confusion, forgetfulness, & word-finding difficulties.",None
"25F young adult with assault-related TBI, experiences emotional lability, insomnia, & irritability.",None
"45M construction worker with TBI, whiplash, & closed head injury, reports worsening neck pain, stiffness, & limited ROM.",None
42Y F p/w chest pain radiating to left arm after biking for 30 mins.,None
68Y OAW with history of 30 pack-year smoking and recent exposure to environmental tobacco smoke.,None
"55Y M with recurrent hemoptysis (>10/day) x 2 mo, denies recent URI.",None
37Y F p/w progressive wheezing for 1 yr since exposure to moldy cabin.,None
65Y OAW with history of 40 pack-year smoking and persistent cough for 2 yrs.,None
"49Y M p/w worsening SOB and cough x 2 mo, denies fever or recent URI.",None
70Y OAW with history of heavy alcohol consumption and recent onset of non-productive cough.,None
52Y F with history of 20 pack-year smoking and sudden onset of substernal heaviness.,None
45Y M with history of exposure to industrial fumes and persistent cough.,None
63Y OAW with recent onset of non-productive cough and wheezing.,None
35Y F with history of allergies and recent exposure to environmental tobacco smoke.,None
58Y M with recent onset of pleuritic chest pain and mild cough.,None
75Y OAW with history of chronic obstructive pulmonary disease and recent onset of worsening dyspnea.,None
43Y F with history of marijuana use and recent onset of non-productive cough.,None
"62Y OAW with recent onset of persistent cough and wheezing, no history of smoking or recent URI.",None
50Y M with history of exposure to industrial dust and persistent cough with exertion.,None
"61F w/ history of bladder cancer 5 yrs ago, currently NED, now presents with recurrent LUTS.",None
"37M w/ recent-onset ED and nocturia, concerns about hypogonadism.",None
43YF w/ BSO due to recurrent VLUs and currently undergoing adjuvant TRT.,None
"65M w/ RRP 3 mos ago for T1-2a glans carcinoma, psa 0.2, reports occasional bladder irritability.",None
"55F w/ history of UTI, LUTS, and current RIS, suspecting interstitial cystitis.",None
70M w/ post-RRP h/o erectile dysfunction and penile atrophy.,None
"32YF w/ suspected PG, denies recent sexually transmitted infection (STI) exposure.",None
48M w/ recent BX-US detection of incidental nodule 2.2cm on bladder wall.,None
"60F w/ 20-yr history of SCI, LUTS, and neurogenic detrusor overactivity.",None
"52M w/ sudden-onset gross hematuria for 24 hrs, denies any trauma or prior UTI.",None
"38YF w/ new onset stress incontinence after Vaginal delivery, now 3 mos PUI.",None
"55F w/ RRP 6 mos ago for T1-2 pT2 bladder cancer, currently NED.",None
"47M w/ recurrent LUTS and suspects chronic prostatitis, despite previous treatment.",None
"50F w/ Hx of UTI and recurrent LUTS, suspects interstitial cystitis.",None
"75M w/ h/o renal transplant, w/ current UTI and worsening hypertension.",None
"35YF w/ new onset gross hematuria and RRP speculation for bladder cancer, PSA 4.5.",None
"48F with TIA, TB, and HLD reports severe arm numbness and tingling upon waking.",None
"65M with heart failure, CAD, and CKD complains of burning abdominal pain while on menses.",None
"32F with HIV, TB, and HLD feels palpitation and dyspnea with climbing stairs.",None
"47M with Hypertension, DM, and CKD reports recent-onset dizziness and blurred vision.",None
"58F with TIA, CAD, and HLD states worsening migraines and left-sided hemiparesis.",None
"75F with CHF, CAD, and HLD experiences persistent nausea and epigastric discomfort.",None
"42M with HTN, DM, and HLD has difficulty speaking and swallowing food.",None
"35F with HIV, TB, and HLD complains of intermittent claudication in her right leg.",None
"55M with CKD, HLD, and CAD describes nighttime pain in his right kidney region.",None
"68F with Hypertension, CAD, and DM reports progressive bilateral lower extremity edema.",None
"28M with HTN, CKD, and HLD states persistent cough with mucous production.",None
"53F with HIV, CAD, and HLD experiences persistent nausea and vomiting.",None
"40M with TIA, DM, and HLD reports worsening shortness of breath during exercise.",None
"62F with Hypertension, CKD, and CAD complains of bilateral lower extremity swelling.",None
"30F with HIV, TB, and HLD states dyspnea on exertion with fatigue.",None
"50M with TIA, CAD, and HLD reports new-onset neck stiffness and fever.",None